placeCode,ADM2_PCODE,name,PROVINCE,glofasStation
ZM080510702,ZM0805,Mufumbwe,North-Western,no_station
ZM091113305,ZM0911,Sinazongwe,Southern,G1373
ZM010100316,ZM0101,Chibombo,Central,G1344
ZM091113304,ZM0911,Sinazongwe,Southern,G1373
ZM091113303,ZM0911,Sinazongwe,Southern,G1373
ZM040506421,ZM0405,Mwense,Luapula,no_station
ZM040506420,ZM0405,Mwense,Luapula,no_station
ZM020902708,ZM0209,Mufulira,Copperbelt,G1312
ZM090211814,ZM0902,Gwembe,Southern,G1353
ZM020902621,ZM0209,Mufulira,Copperbelt,G1312
ZM020902628,ZM0209,Mufulira,Copperbelt,G1312
ZM020902817,ZM0209,Mufulira,Copperbelt,G1312
ZM021003606,ZM0210,Ndola,Copperbelt,G1312
ZM090211811,ZM0902,Gwembe,Southern,G1353
ZM090211809,ZM0902,Gwembe,Southern,G1353
ZM040506307,ZM0405,Mwense,Luapula,no_station
ZM040506416,ZM0405,Mwense,Luapula,no_station
ZM040506314,ZM0405,Mwense,Luapula,no_station
ZM040506311,ZM0405,Mwense,Luapula,no_station
ZM090211806,ZM0902,Gwembe,Southern,G1353
ZM040506309,ZM0405,Mwense,Luapula,no_station
ZM020502405,ZM0205,Luanshya,Copperbelt,G1312
ZM040506310,ZM0405,Mwense,Luapula,no_station
ZM040606603,ZM0406,Nchelenge,Luapula,no_station
ZM040606601,ZM0406,Nchelenge,Luapula,no_station
ZM040606605,ZM0406,Nchelenge,Luapula,no_station
ZM040606606,ZM0406,Nchelenge,Luapula,no_station
ZM040606609,ZM0406,Nchelenge,Luapula,no_station
ZM040606608,ZM0406,Nchelenge,Luapula,no_station
ZM040606607,ZM0406,Nchelenge,Luapula,no_station
ZM040606613,ZM0406,Nchelenge,Luapula,no_station
ZM090211804,ZM0902,Gwembe,Southern,G1353
ZM090211802,ZM0902,Gwembe,Southern,G1353
ZM090211803,ZM0902,Gwembe,Southern,G1353
ZM040706713,ZM0407,Samfya,Luapula,no_station
ZM040706711,ZM0407,Samfya,Luapula,no_station
ZM090412015,ZM0904,Kalomo,Southern,G1352
ZM090412012,ZM0904,Kalomo,Southern,G1352
ZM090512108,ZM0905,Kazungula,Southern,G5696
ZM021003610,ZM0210,Ndola,Copperbelt,G1312
ZM090913113,ZM0909,Namwala,Southern,G1352
ZM021003404,ZM0210,Ndola,Copperbelt,G1312
ZM090512109,ZM0905,Kazungula,Southern,G5696
ZM021003405,ZM0210,Ndola,Copperbelt,G1312
ZM021003403,ZM0210,Ndola,Copperbelt,G1312
ZM021003402,ZM0210,Ndola,Copperbelt,G1312
ZM090812702,ZM0908,Monze,Southern,G1352
ZM090913104,ZM0909,Namwala,Southern,G1352
ZM090111606,ZM0901,Choma,Southern,G1351
ZM021003518,ZM0210,Ndola,Copperbelt,G1312
ZM021003519,ZM0210,Ndola,Copperbelt,G1312
ZM090913107,ZM0909,Namwala,Southern,G1352
ZM021003523,ZM0210,Ndola,Copperbelt,G1312
ZM040706720,ZM0407,Samfya,Luapula,no_station
ZM021003522,ZM0210,Ndola,Copperbelt,G1312
ZM021003520,ZM0210,Ndola,Copperbelt,G1312
ZM090512111,ZM0905,Kazungula,Southern,G5696
ZM090512112,ZM0905,Kazungula,Southern,G5696
ZM080510714,ZM0805,Mufumbwe,North-Western,no_station
ZM080310512,ZM0803,Kabompo,North-Western,G1319
ZM021003521,ZM0210,Ndola,Copperbelt,G1312
ZM021003311,ZM0210,Ndola,Copperbelt,G1312
ZM080310516,ZM0803,Kabompo,North-Western,G1319
ZM080310519,ZM0803,Kabompo,North-Western,G1319
ZM040706808,ZM0407,Samfya,Luapula,no_station
ZM040106505,ZM0401,Chienge,Luapula,no_station
ZM021003314,ZM0210,Ndola,Copperbelt,G1312
ZM040106508,ZM0401,Chienge,Luapula,no_station
ZM090111714,ZM0901,Choma,Southern,G1351
ZM021003628,ZM0210,Ndola,Copperbelt,G1312
ZM040706803,ZM0407,Samfya,Luapula,no_station
ZM040706802,ZM0407,Samfya,Luapula,no_station
ZM080310513,ZM0803,Kabompo,North-Western,G1319
ZM090512105,ZM0905,Kazungula,Southern,G5696
ZM090612311,ZM0906,Livingstone,Southern,no_station
ZM090612313,ZM0906,Livingstone,Southern,no_station
ZM090612306,ZM0906,Livingstone,Southern,no_station
ZM040406009,ZM0404,Milenge,Luapula,no_station
ZM021003626,ZM0210,Ndola,Copperbelt,G1312
ZM040406004,ZM0404,Milenge,Luapula,no_station
ZM040205718,ZM0402,Kawambwa,Luapula,G1264
ZM090612309,ZM0906,Livingstone,Southern,no_station
ZM040406003,ZM0404,Milenge,Luapula,no_station
ZM040406013,ZM0404,Milenge,Luapula,no_station
ZM040406006,ZM0404,Milenge,Luapula,no_station
ZM090612315,ZM0906,Livingstone,Southern,no_station
ZM090612302,ZM0906,Livingstone,Southern,no_station
ZM040406005,ZM0404,Milenge,Luapula,no_station
ZM090712509,ZM0907,Mazabuka,Southern,G1352
ZM040406008,ZM0404,Milenge,Luapula,no_station
ZM040406011,ZM0404,Milenge,Luapula,no_station
ZM040205722,ZM0402,Kawambwa,Luapula,G1264
ZM040406012,ZM0404,Milenge,Luapula,no_station
ZM040406010,ZM0404,Milenge,Luapula,no_station
ZM040205715,ZM0402,Kawambwa,Luapula,G1264
ZM040205721,ZM0402,Kawambwa,Luapula,G1264
ZM040205720,ZM0402,Kawambwa,Luapula,G1264
ZM090612303,ZM0906,Livingstone,Southern,no_station
ZM080410622,ZM0804,Kasempa,North-Western,G1323
ZM040205717,ZM0402,Kawambwa,Luapula,G1264
ZM080410614,ZM0804,Kasempa,North-Western,G1323
ZM080410606,ZM0804,Kasempa,North-Western,G1323
ZM030103701,ZM0301,Chadiza,Eastern,no_station
ZM030103705,ZM0301,Chadiza,Eastern,no_station
ZM030204116,ZM0302,Chipata,Eastern,no_station
ZM030204404,ZM0302,Chipata,Eastern,no_station
ZM090412216,ZM0904,Kalomo,Southern,G1352
ZM080410610,ZM0804,Kasempa,North-Western,G1323
ZM080410616,ZM0804,Kasempa,North-Western,G1323
ZM030103709,ZM0301,Chadiza,Eastern,no_station
ZM030204114,ZM0302,Chipata,Eastern,no_station
ZM090612317,ZM0906,Livingstone,Southern,no_station
ZM040205716,ZM0402,Kawambwa,Luapula,G1264
ZM040506422,ZM0405,Mwense,Luapula,no_station
ZM080410601,ZM0804,Kasempa,North-Western,G1323
ZM080410618,ZM0804,Kasempa,North-Western,G1323
ZM080410604,ZM0804,Kasempa,North-Western,G1323
ZM030103813,ZM0301,Chadiza,Eastern,no_station
ZM030103706,ZM0301,Chadiza,Eastern,no_station
ZM030204113,ZM0302,Chipata,Eastern,no_station
ZM090211813,ZM0902,Gwembe,Southern,G1353
ZM030103814,ZM0301,Chadiza,Eastern,no_station
ZM030103710,ZM0301,Chadiza,Eastern,no_station
ZM030204118,ZM0302,Chipata,Eastern,no_station
ZM030204308,ZM0302,Chipata,Eastern,no_station
ZM090512106,ZM0905,Kazungula,Southern,G5696
ZM030103711,ZM0301,Chadiza,Eastern,no_station
ZM030204401,ZM0302,Chipata,Eastern,no_station
ZM030204310,ZM0302,Chipata,Eastern,no_station
ZM030204222,ZM0302,Chipata,Eastern,no_station
ZM091013209,ZM0910,Siavonga,Lusaka,G1352
ZM091113313,ZM0911,Sinazongwe,Southern,G1373
ZM040506414,ZM0405,Mwense,Luapula,no_station
ZM040506308,ZM0405,Mwense,Luapula,no_station
ZM040606604,ZM0406,Nchelenge,Luapula,no_station
ZM030103702,ZM0301,Chadiza,Eastern,no_station
ZM021003313,ZM0210,Ndola,Copperbelt,G1312
ZM030204309,ZM0302,Chipata,Eastern,no_station
ZM030204306,ZM0302,Chipata,Eastern,no_station
ZM090512104,ZM0905,Kazungula,Southern,G5696
ZM030204115,ZM0302,Chipata,Eastern,no_station
ZM030204311,ZM0302,Chipata,Eastern,no_station
ZM030204221,ZM0302,Chipata,Eastern,no_station
ZM030204312,ZM0302,Chipata,Eastern,no_station
ZM030204219,ZM0302,Chipata,Eastern,no_station
ZM091013213,ZM0910,Siavonga,Lusaka,G1352
ZM091113310,ZM0911,Sinazongwe,Southern,G1373
ZM030204405,ZM0302,Chipata,Eastern,no_station
ZM090412219,ZM0904,Kalomo,Southern,G1352
ZM091013211,ZM0910,Siavonga,Lusaka,G1352
ZM091113308,ZM0911,Sinazongwe,Southern,G1373
ZM030204402,ZM0302,Chipata,Eastern,no_station
ZM091013212,ZM0910,Siavonga,Lusaka,G1352
ZM091113306,ZM0911,Sinazongwe,Southern,G1373
ZM040506419,ZM0405,Mwense,Luapula,no_station
ZM040506313,ZM0405,Mwense,Luapula,no_station
ZM040606602,ZM0406,Nchelenge,Luapula,no_station
ZM040406001,ZM0404,Milenge,Luapula,no_station
ZM040205719,ZM0402,Kawambwa,Luapula,G1264
ZM090512103,ZM0905,Kazungula,Southern,G5696
ZM090512101,ZM0905,Kazungula,Southern,G5696
ZM090412222,ZM0904,Kalomo,Southern,G1352
ZM091113302,ZM0911,Sinazongwe,Southern,G1373
ZM091113309,ZM0911,Sinazongwe,Southern,G1373
ZM091113301,ZM0911,Sinazongwe,Southern,G1373
ZM040506312,ZM0405,Mwense,Luapula,no_station
ZM080510708,ZM0805,Mufumbwe,North-Western,no_station
ZM080510712,ZM0805,Mufumbwe,North-Western,no_station
ZM080310510,ZM0803,Kabompo,North-Western,G1319
ZM080510705,ZM0805,Mufumbwe,North-Western,no_station
ZM080510713,ZM0805,Mufumbwe,North-Western,no_station
ZM080310522,ZM0803,Kabompo,North-Western,G1319
ZM080410617,ZM0804,Kasempa,North-Western,G1323
ZM080410609,ZM0804,Kasempa,North-Western,G1323
ZM080410620,ZM0804,Kasempa,North-Western,G1323
ZM030103708,ZM0301,Chadiza,Eastern,no_station
ZM090412221,ZM0904,Kalomo,Southern,G1352
ZM080510706,ZM0805,Mufumbwe,North-Western,no_station
ZM020502519,ZM0205,Luanshya,Copperbelt,G1312
ZM080510707,ZM0805,Mufumbwe,North-Western,no_station
ZM080510716,ZM0805,Mufumbwe,North-Western,no_station
ZM080310511,ZM0803,Kabompo,North-Western,G1319
ZM080410621,ZM0804,Kasempa,North-Western,G1323
ZM080410607,ZM0804,Kasempa,North-Western,G1323
ZM030103712,ZM0301,Chadiza,Eastern,no_station
ZM030204220,ZM0302,Chipata,Eastern,no_station
ZM030204307,ZM0302,Chipata,Eastern,no_station
ZM090412220,ZM0904,Kalomo,Southern,G1352
ZM090412218,ZM0904,Kalomo,Southern,G1352
ZM091013208,ZM0910,Siavonga,Lusaka,G1352
ZM091113312,ZM0911,Sinazongwe,Southern,G1373
ZM020702904,ZM0207,Masaiti,Copperbelt,no_station
ZM080510710,ZM0805,Mufumbwe,North-Western,no_station
ZM080310520,ZM0803,Kabompo,North-Western,G1319
ZM080310515,ZM0803,Kabompo,North-Western,G1319
ZM080410613,ZM0804,Kasempa,North-Western,G1323
ZM080410602,ZM0804,Kasempa,North-Western,G1323
ZM030103815,ZM0301,Chadiza,Eastern,no_station
ZM030103703,ZM0301,Chadiza,Eastern,no_station
ZM091013210,ZM0910,Siavonga,Lusaka,G1352
ZM080510704,ZM0805,Mufumbwe,North-Western,no_station
ZM080510709,ZM0805,Mufumbwe,North-Western,no_station
ZM080310518,ZM0803,Kabompo,North-Western,G1319
ZM080410619,ZM0804,Kasempa,North-Western,G1323
ZM080410608,ZM0804,Kasempa,North-Western,G1323
ZM080410605,ZM0804,Kasempa,North-Western,G1323
ZM030103707,ZM0301,Chadiza,Eastern,no_station
ZM091113314,ZM0911,Sinazongwe,Southern,G1373
ZM080510701,ZM0805,Mufumbwe,North-Western,no_station
ZM080310521,ZM0803,Kabompo,North-Western,G1319
ZM080310517,ZM0803,Kabompo,North-Western,G1319
ZM080410612,ZM0804,Kasempa,North-Western,G1323
ZM080410603,ZM0804,Kasempa,North-Western,G1323
ZM080510703,ZM0805,Mufumbwe,North-Western,no_station
ZM080510711,ZM0805,Mufumbwe,North-Western,no_station
ZM080310514,ZM0803,Kabompo,North-Western,G1319
ZM080410611,ZM0804,Kasempa,North-Western,G1323
ZM080410615,ZM0804,Kasempa,North-Western,G1323
ZM030103816,ZM0301,Chadiza,Eastern,no_station
ZM030103704,ZM0301,Chadiza,Eastern,no_station
ZM030204117,ZM0302,Chipata,Eastern,no_station
ZM030204403,ZM0302,Chipata,Eastern,no_station
ZM090412217,ZM0904,Kalomo,Southern,G1352
ZM091113311,ZM0911,Sinazongwe,Southern,G1373
ZM091113307,ZM0911,Sinazongwe,Southern,G1373
ZM040506418,ZM0405,Mwense,Luapula,no_station
ZM040506417,ZM0405,Mwense,Luapula,no_station
ZM040106513,ZM0401,Chienge,Luapula,no_station
ZM040606612,ZM0406,Nchelenge,Luapula,no_station
ZM040606610,ZM0406,Nchelenge,Luapula,no_station
ZM040606611,ZM0406,Nchelenge,Luapula,no_station
ZM040406007,ZM0404,Milenge,Luapula,no_station
ZM080510715,ZM0805,Mufumbwe,North-Western,no_station
ZM090512102,ZM0905,Kazungula,Southern,G5696
ZM090612301,ZM0906,Livingstone,Southern,no_station
ZM090612304,ZM0906,Livingstone,Southern,no_station
ZM090211810,ZM0902,Gwembe,Southern,G1353
ZM040706716,ZM0407,Samfya,Luapula,no_station
ZM090412010,ZM0904,Kalomo,Southern,G1352
ZM090913108,ZM0909,Namwala,Southern,G1352
ZM090913102,ZM0909,Namwala,Southern,G1352
ZM040106501,ZM0401,Chienge,Luapula,no_station
ZM040106509,ZM0401,Chienge,Luapula,no_station
ZM090712621,ZM0907,Mazabuka,Southern,G1352
ZM090812706,ZM0908,Monze,Southern,G1352
ZM090812707,ZM0908,Monze,Southern,G1352
ZM090812808,ZM0908,Monze,Southern,G1352
ZM040305905,ZM0403,Mansa,Luapula,no_station
ZM040506202,ZM0405,Mwense,Luapula,no_station
ZM040205605,ZM0402,Kawambwa,Luapula,G1264
ZM090712404,ZM0907,Mazabuka,Southern,G1352
ZM090111603,ZM0901,Choma,Southern,G1351
ZM090111526,ZM0901,Choma,Southern,G1351
ZM090512107,ZM0905,Kazungula,Southern,G5696
ZM090612305,ZM0906,Livingstone,Southern,no_station
ZM090612307,ZM0906,Livingstone,Southern,no_station
ZM090211812,ZM0902,Gwembe,Southern,G1353
ZM040706712,ZM0407,Samfya,Luapula,no_station
ZM040706809,ZM0407,Samfya,Luapula,no_station
ZM040706804,ZM0407,Samfya,Luapula,no_station
ZM090411906,ZM0904,Kalomo,Southern,G1352
ZM090913112,ZM0909,Namwala,Southern,G1352
ZM090913105,ZM0909,Namwala,Southern,G1352
ZM040106504,ZM0401,Chienge,Luapula,no_station
ZM090111710,ZM0901,Choma,Southern,G1351
ZM090712515,ZM0907,Mazabuka,Southern,G1352
ZM090712618,ZM0907,Mazabuka,Southern,G1352
ZM090812813,ZM0908,Monze,Southern,G1352
ZM090812919,ZM0908,Monze,Southern,G1352
ZM040305901,ZM0403,Mansa,Luapula,no_station
ZM040406002,ZM0404,Milenge,Luapula,no_station
ZM040506206,ZM0405,Mwense,Luapula,no_station
ZM090512114,ZM0905,Kazungula,Southern,G5696
ZM090612312,ZM0906,Livingstone,Southern,no_station
ZM090612308,ZM0906,Livingstone,Southern,no_station
ZM090211808,ZM0902,Gwembe,Southern,G1353
ZM040706717,ZM0407,Samfya,Luapula,no_station
ZM090412007,ZM0904,Kalomo,Southern,G1352
ZM090411902,ZM0904,Kalomo,Southern,G1352
ZM090913103,ZM0909,Namwala,Southern,G1352
ZM040106502,ZM0401,Chienge,Luapula,no_station
ZM040106510,ZM0401,Chienge,Luapula,no_station
ZM090712510,ZM0907,Mazabuka,Southern,G1352
ZM090712620,ZM0907,Mazabuka,Southern,G1352
ZM090812701,ZM0908,Monze,Southern,G1352
ZM090812816,ZM0908,Monze,Southern,G1352
ZM040706915,ZM0407,Samfya,Luapula,no_station
ZM040306110,ZM0403,Mansa,Luapula,no_station
ZM040506205,ZM0405,Mwense,Luapula,no_station
ZM040205808,ZM0402,Kawambwa,Luapula,G1264
ZM090712408,ZM0907,Mazabuka,Southern,G1352
ZM090512110,ZM0905,Kazungula,Southern,G5696
ZM090612316,ZM0906,Livingstone,Southern,no_station
ZM090211801,ZM0902,Gwembe,Southern,G1353
ZM090211805,ZM0902,Gwembe,Southern,G1353
ZM040706721,ZM0407,Samfya,Luapula,no_station
ZM040706801,ZM0407,Samfya,Luapula,no_station
ZM090412008,ZM0904,Kalomo,Southern,G1352
ZM090411903,ZM0904,Kalomo,Southern,G1352
ZM090913110,ZM0909,Namwala,Southern,G1352
ZM040106503,ZM0401,Chienge,Luapula,no_station
ZM090111713,ZM0901,Choma,Southern,G1351
ZM090712513,ZM0907,Mazabuka,Southern,G1352
ZM090712622,ZM0907,Mazabuka,Southern,G1352
ZM090812818,ZM0908,Monze,Southern,G1352
ZM090812921,ZM0908,Monze,Southern,G1352
ZM040305902,ZM0403,Mansa,Luapula,no_station
ZM040306108,ZM0403,Mansa,Luapula,no_station
ZM040205606,ZM0402,Kawambwa,Luapula,G1264
ZM090712407,ZM0907,Mazabuka,Southern,G1352
ZM090111520,ZM0901,Choma,Southern,G1351
ZM090111518,ZM0901,Choma,Southern,G1351
ZM090512113,ZM0905,Kazungula,Southern,G5696
ZM090612314,ZM0906,Livingstone,Southern,no_station
ZM090612310,ZM0906,Livingstone,Southern,no_station
ZM090211807,ZM0902,Gwembe,Southern,G1353
ZM040706810,ZM0407,Samfya,Luapula,no_station
ZM040706807,ZM0407,Samfya,Luapula,no_station
ZM090412011,ZM0904,Kalomo,Southern,G1352
ZM090411905,ZM0904,Kalomo,Southern,G1352
ZM090913109,ZM0909,Namwala,Southern,G1352
ZM040106507,ZM0401,Chienge,Luapula,no_station
ZM090111711,ZM0901,Choma,Southern,G1351
ZM090712511,ZM0907,Mazabuka,Southern,G1352
ZM090812703,ZM0908,Monze,Southern,G1352
ZM090812815,ZM0908,Monze,Southern,G1352
ZM040706914,ZM0407,Samfya,Luapula,no_station
ZM040306111,ZM0403,Mansa,Luapula,no_station
ZM040506203,ZM0405,Mwense,Luapula,no_station
ZM040205604,ZM0402,Kawambwa,Luapula,G1264
ZM090712402,ZM0907,Mazabuka,Southern,G1352
ZM090111604,ZM0901,Choma,Southern,G1351
ZM090111519,ZM0901,Choma,Southern,G1351
ZM040706722,ZM0407,Samfya,Luapula,no_station
ZM040706806,ZM0407,Samfya,Luapula,no_station
ZM090412009,ZM0904,Kalomo,Southern,G1352
ZM090411904,ZM0904,Kalomo,Southern,G1352
ZM090913106,ZM0909,Namwala,Southern,G1352
ZM040106506,ZM0401,Chienge,Luapula,no_station
ZM090111712,ZM0901,Choma,Southern,G1351
ZM090712512,ZM0907,Mazabuka,Southern,G1352
ZM090712619,ZM0907,Mazabuka,Southern,G1352
ZM090812810,ZM0908,Monze,Southern,G1352
ZM090812811,ZM0908,Monze,Southern,G1352
ZM040305906,ZM0403,Mansa,Luapula,no_station
ZM040305907,ZM0403,Mansa,Luapula,no_station
ZM040205603,ZM0402,Kawambwa,Luapula,G1264
ZM090712401,ZM0907,Mazabuka,Southern,G1352
ZM090111607,ZM0901,Choma,Southern,G1351
ZM090111521,ZM0901,Choma,Southern,G1351
ZM100113626,ZM1001,Kalabo,Western,G1328
ZM100614913,ZM1006,Sesheke,Western,G1361
ZM100514504,ZM1005,Senanga,Western,G1361
ZM100414409,ZM1004,Mongu,Western,G1328
ZM040706805,ZM0407,Samfya,Luapula,no_station
ZM090411901,ZM0904,Kalomo,Southern,G1352
ZM090412014,ZM0904,Kalomo,Southern,G1352
ZM090913111,ZM0909,Namwala,Southern,G1352
ZM040306116,ZM0403,Mansa,Luapula,no_station
ZM040106511,ZM0401,Chienge,Luapula,no_station
ZM090712517,ZM0907,Mazabuka,Southern,G1352
ZM090812922,ZM0908,Monze,Southern,G1352
ZM090812817,ZM0908,Monze,Southern,G1352
ZM040706919,ZM0407,Samfya,Luapula,no_station
ZM040306112,ZM0403,Mansa,Luapula,no_station
ZM040205601,ZM0402,Kawambwa,Luapula,G1264
ZM040205810,ZM0402,Kawambwa,Luapula,G1264
ZM090111601,ZM0901,Choma,Southern,G1351
ZM090111527,ZM0901,Choma,Southern,G1351
ZM100113618,ZM1001,Kalabo,Western,G1328
ZM100614907,ZM1006,Sesheke,Western,G1361
ZM100414412,ZM1004,Mongu,Western,G1328
ZM100414328,ZM1004,Mongu,Western,G1328
ZM020702906,ZM0207,Masaiti,Copperbelt,no_station
ZM090412013,ZM0904,Kalomo,Southern,G1352
ZM090913114,ZM0909,Namwala,Southern,G1352
ZM040306115,ZM0403,Mansa,Luapula,no_station
ZM040106512,ZM0401,Chienge,Luapula,no_station
ZM090712514,ZM0907,Mazabuka,Southern,G1352
ZM090812809,ZM0908,Monze,Southern,G1352
ZM090812704,ZM0908,Monze,Southern,G1352
ZM090812920,ZM0908,Monze,Southern,G1352
ZM040305904,ZM0403,Mansa,Luapula,no_station
ZM040306114,ZM0403,Mansa,Luapula,no_station
ZM040506204,ZM0405,Mwense,Luapula,no_station
ZM040205802,ZM0402,Kawambwa,Luapula,G1264
ZM090712403,ZM0907,Mazabuka,Southern,G1352
ZM090111602,ZM0901,Choma,Southern,G1351
ZM090111525,ZM0901,Choma,Southern,G1351
ZM100113621,ZM1001,Kalabo,Western,G1328
ZM100514502,ZM1005,Senanga,Western,G1361
ZM100414414,ZM1004,Mongu,Western,G1328
ZM090111708,ZM0901,Choma,Southern,G1351
ZM090712516,ZM0907,Mazabuka,Southern,G1352
ZM090111709,ZM0901,Choma,Southern,G1351
ZM090812812,ZM0908,Monze,Southern,G1352
ZM090812705,ZM0908,Monze,Southern,G1352
ZM040305903,ZM0403,Mansa,Luapula,no_station
ZM040506201,ZM0405,Mwense,Luapula,no_station
ZM040205614,ZM0402,Kawambwa,Luapula,G1264
ZM040205813,ZM0402,Kawambwa,Luapula,G1264
ZM090712405,ZM0907,Mazabuka,Southern,G1352
ZM090111517,ZM0901,Choma,Southern,G1351
ZM100113623,ZM1001,Kalabo,Western,G1328
ZM100614908,ZM1006,Sesheke,Western,G1361
ZM100614909,ZM1006,Sesheke,Western,G1361
ZM100414415,ZM1004,Mongu,Western,G1328
ZM100414320,ZM1004,Mongu,Western,G1328
ZM050307105,ZM0503,Luangwa,Lusaka,G1353
ZM060608713,ZM0606,Nakonde,Muchiga,no_station
ZM090812814,ZM0908,Monze,Southern,G1352
ZM040706918,ZM0407,Samfya,Luapula,no_station
ZM040306113,ZM0403,Mansa,Luapula,no_station
ZM040205812,ZM0402,Kawambwa,Luapula,G1264
ZM040205809,ZM0402,Kawambwa,Luapula,G1264
ZM090712406,ZM0907,Mazabuka,Southern,G1352
ZM090111516,ZM0901,Choma,Southern,G1351
ZM100615015,ZM1006,Sesheke,Western,G1361
ZM100614910,ZM1006,Sesheke,Western,G1361
ZM100414317,ZM1004,Mongu,Western,G1328
ZM100414321,ZM1004,Mongu,Western,G1328
ZM100614806,ZM1006,Sesheke,Western,G1361
ZM050307107,ZM0503,Luangwa,Lusaka,G1353
ZM100615017,ZM1006,Sesheke,Western,G1361
ZM050407816,ZM0504,Lusaka,Lusaka,G1351
ZM050407501,ZM0504,Lusaka,Lusaka,G1351
ZM050407918,ZM0504,Lusaka,Lusaka,G1351
ZM010601420,ZM0106,Serenje,Central,no_station
ZM050107302,ZM0501,Chongwe,Lusaka,G1353
ZM040205607,ZM0402,Kawambwa,Luapula,G1264
ZM040205811,ZM0402,Kawambwa,Luapula,G1264
ZM090111605,ZM0901,Choma,Southern,G1351
ZM090111515,ZM0901,Choma,Southern,G1351
ZM100113624,ZM1001,Kalabo,Western,G1328
ZM100614914,ZM1006,Sesheke,Western,G1361
ZM100514505,ZM1005,Senanga,Western,G1361
ZM100414411,ZM1004,Mongu,Western,G1328
ZM100614801,ZM1006,Sesheke,Western,G1361
ZM050307106,ZM0503,Luangwa,Lusaka,G1353
ZM050307109,ZM0503,Luangwa,Lusaka,G1353
ZM050407710,ZM0504,Lusaka,Lusaka,G1351
ZM050407606,ZM0504,Lusaka,Lusaka,G1351
ZM050408024,ZM0504,Lusaka,Lusaka,G1351
ZM010601417,ZM0106,Serenje,Central,no_station
ZM010601313,ZM0106,Serenje,Central,no_station
ZM050107305,ZM0501,Chongwe,Lusaka,G1353
ZM100213703,ZM1002,Kaoma,Western,G1319
ZM060608709,ZM0606,Nakonde,Muchiga,no_station
ZM100113619,ZM1001,Kalabo,Western,G1328
ZM100113625,ZM1001,Kalabo,Western,G1328
ZM100514503,ZM1005,Senanga,Western,G1361
ZM100414413,ZM1004,Mongu,Western,G1328
ZM100614803,ZM1006,Sesheke,Western,G1361
ZM050307103,ZM0503,Luangwa,Lusaka,G1353
ZM100615019,ZM1006,Sesheke,Western,G1361
ZM050408129,ZM0504,Lusaka,Lusaka,G1351
ZM050407712,ZM0504,Lusaka,Lusaka,G1351
ZM050407920,ZM0504,Lusaka,Lusaka,G1351
ZM010601418,ZM0106,Serenje,Central,no_station
ZM050107303,ZM0501,Chongwe,Lusaka,G1353
ZM100514615,ZM1005,Senanga,Western,G1361
ZM050207001,ZM0502,Kafue,Lusaka,G1352
ZM050207006,ZM0502,Kafue,Lusaka,G1352
ZM100113504,ZM1001,Kalabo,Western,G1328
ZM100113417,ZM1001,Kalabo,Western,G1328
ZM100213920,ZM1002,Kaoma,Western,G1319
ZM100213919,ZM1002,Kaoma,Western,G1319
ZM100113627,ZM1001,Kalabo,Western,G1328
ZM100614911,ZM1006,Sesheke,Western,G1361
ZM100514507,ZM1005,Senanga,Western,G1361
ZM100414410,ZM1004,Mongu,Western,G1328
ZM100414316,ZM1004,Mongu,Western,G1328
ZM050307102,ZM0503,Luangwa,Lusaka,G1353
ZM050307111,ZM0503,Luangwa,Lusaka,G1353
ZM100714701,ZM1007,Shangombo,Western,G1328
ZM050407814,ZM0504,Lusaka,Lusaka,G1351
ZM050407711,ZM0504,Lusaka,Lusaka,G1351
ZM050408131,ZM0504,Lusaka,Lusaka,G1351
ZM010601316,ZM0106,Serenje,Central,no_station
ZM050408132,ZM0504,Lusaka,Lusaka,G1351
ZM100514610,ZM1005,Senanga,Western,G1361
ZM050207003,ZM0502,Kafue,Lusaka,G1352
ZM100113501,ZM1001,Kalabo,Western,G1328
ZM100113412,ZM1001,Kalabo,Western,G1328
ZM060208421,ZM0602,Chinsali,Muchiga,G1269
ZM100113622,ZM1001,Kalabo,Western,G1328
ZM100614912,ZM1006,Sesheke,Western,G1361
ZM100514506,ZM1005,Senanga,Western,G1361
ZM100414326,ZM1004,Mongu,Western,G1328
ZM050307114,ZM0503,Luangwa,Lusaka,G1353
ZM050307112,ZM0503,Luangwa,Lusaka,G1353
ZM050407609,ZM0504,Lusaka,Lusaka,G1351
ZM050407608,ZM0504,Lusaka,Lusaka,G1351
ZM050408028,ZM0504,Lusaka,Lusaka,G1351
ZM010601312,ZM0106,Serenje,Central,no_station
ZM010601314,ZM0106,Serenje,Central,no_station
ZM050107307,ZM0501,Chongwe,Lusaka,G1353
ZM100514613,ZM1005,Senanga,Western,G1361
ZM050207009,ZM0502,Kafue,Lusaka,G1352
ZM100113411,ZM1001,Kalabo,Western,G1328
ZM060208420,ZM0602,Chinsali,Muchiga,G1269
ZM100213916,ZM1002,Kaoma,Western,G1319
ZM050107411,ZM0501,Chongwe,Lusaka,G1353
ZM010200411,ZM0102,Kabwe,Central,G1344
ZM010200405,ZM0102,Kabwe,Central,G1344
ZM010500917,ZM0105,Mumbwa,Central,G1329
ZM100314006,ZM1003,Lukulu,Western,G1328
ZM100414318,ZM1004,Mongu,Western,G1328
ZM050307101,ZM0503,Luangwa,Lusaka,G1353
ZM050307113,ZM0503,Luangwa,Lusaka,G1353
ZM100615020,ZM1006,Sesheke,Western,G1361
ZM050407605,ZM0504,Lusaka,Lusaka,G1351
ZM050408025,ZM0504,Lusaka,Lusaka,G1351
ZM050407917,ZM0504,Lusaka,Lusaka,G1351
ZM050107309,ZM0501,Chongwe,Lusaka,G1353
ZM050107310,ZM0501,Chongwe,Lusaka,G1353
ZM100514614,ZM1005,Senanga,Western,G1361
ZM100113506,ZM1001,Kalabo,Western,G1328
ZM100113413,ZM1001,Kalabo,Western,G1328
ZM060208412,ZM0602,Chinsali,Muchiga,G1269
ZM100213812,ZM1002,Kaoma,Western,G1319
ZM050107412,ZM0501,Chongwe,Lusaka,G1353
ZM010200519,ZM0102,Kabwe,Central,G1344
ZM010200408,ZM0102,Kabwe,Central,G1344
ZM100314001,ZM1003,Lukulu,Western,G1328
ZM010300607,ZM0103,Kapiri Mposhi,Central,G1312
ZM010601202,ZM0106,Serenje,Central,no_station
ZM060608704,ZM0606,Nakonde,Muchiga,no_station
ZM100614802,ZM1006,Sesheke,Western,G1361
ZM050307104,ZM0503,Luangwa,Lusaka,G1353
ZM050307110,ZM0503,Luangwa,Lusaka,G1353
ZM050407504,ZM0504,Lusaka,Lusaka,G1351
ZM050407813,ZM0504,Lusaka,Lusaka,G1351
ZM050408026,ZM0504,Lusaka,Lusaka,G1351
ZM050408130,ZM0504,Lusaka,Lusaka,G1351
ZM010601315,ZM0106,Serenje,Central,no_station
ZM050107308,ZM0501,Chongwe,Lusaka,G1353
ZM100514611,ZM1005,Senanga,Western,G1361
ZM050207004,ZM0502,Kafue,Lusaka,G1352
ZM100113502,ZM1001,Kalabo,Western,G1328
ZM100113408,ZM1001,Kalabo,Western,G1328
ZM060208419,ZM0602,Chinsali,Muchiga,G1269
ZM100213706,ZM1002,Kaoma,Western,G1319
ZM050107413,ZM0501,Chongwe,Lusaka,G1353
ZM010200414,ZM0102,Kabwe,Central,G1344
ZM010200517,ZM0102,Kabwe,Central,G1344
ZM010200523,ZM0102,Kabwe,Central,G1344
ZM010500919,ZM0105,Mumbwa,Central,G1329
ZM100314012,ZM1003,Lukulu,Western,G1328
ZM060501013,ZM0605,Mpika,Muchiga,no_station
ZM021003316,ZM0210,Ndola,Copperbelt,G1312
ZM100614805,ZM1006,Sesheke,Western,G1361
ZM050307115,ZM0503,Luangwa,Lusaka,G1353
ZM050407815,ZM0504,Lusaka,Lusaka,G1351
ZM050407502,ZM0504,Lusaka,Lusaka,G1351
ZM050407919,ZM0504,Lusaka,Lusaka,G1351
ZM010601421,ZM0106,Serenje,Central,no_station
ZM050107306,ZM0501,Chongwe,Lusaka,G1353
ZM100213707,ZM1002,Kaoma,Western,G1319
ZM050207011,ZM0502,Kafue,Lusaka,G1352
ZM100113416,ZM1001,Kalabo,Western,G1328
ZM100113505,ZM1001,Kalabo,Western,G1328
ZM100113414,ZM1001,Kalabo,Western,G1328
ZM060208418,ZM0602,Chinsali,Muchiga,G1269
ZM100213921,ZM1002,Kaoma,Western,G1319
ZM010200402,ZM0102,Kabwe,Central,G1344
ZM010200521,ZM0102,Kabwe,Central,G1344
ZM010200520,ZM0102,Kabwe,Central,G1344
ZM100314003,ZM1003,Lukulu,Western,G1328
ZM100314010,ZM1003,Lukulu,Western,G1328
ZM010300614,ZM0103,Kapiri Mposhi,Central,G1312
ZM100615018,ZM1006,Sesheke,Western,G1361
ZM050407607,ZM0504,Lusaka,Lusaka,G1351
ZM050408133,ZM0504,Lusaka,Lusaka,G1351
ZM010601422,ZM0106,Serenje,Central,no_station
ZM050107301,ZM0501,Chongwe,Lusaka,G1353
ZM100213705,ZM1002,Kaoma,Western,G1319
ZM050207002,ZM0502,Kafue,Lusaka,G1352
ZM050207005,ZM0502,Kafue,Lusaka,G1352
ZM100113507,ZM1001,Kalabo,Western,G1328
ZM060208415,ZM0602,Chinsali,Muchiga,G1269
ZM060208416,ZM0602,Chinsali,Muchiga,G1269
ZM100213917,ZM1002,Kaoma,Western,G1319
ZM050107416,ZM0501,Chongwe,Lusaka,G1353
ZM010200412,ZM0102,Kabwe,Central,G1344
ZM010200526,ZM0102,Kabwe,Central,G1344
ZM010200406,ZM0102,Kabwe,Central,G1344
ZM100314002,ZM1003,Lukulu,Western,G1328
ZM021003608,ZM0210,Ndola,Copperbelt,G1312
ZM100514612,ZM1005,Senanga,Western,G1361
ZM100514617,ZM1005,Senanga,Western,G1361
ZM050207010,ZM0502,Kafue,Lusaka,G1352
ZM100113409,ZM1001,Kalabo,Western,G1328
ZM060208413,ZM0602,Chinsali,Muchiga,G1269
ZM100213918,ZM1002,Kaoma,Western,G1319
ZM050107415,ZM0501,Chongwe,Lusaka,G1353
ZM010200415,ZM0102,Kabwe,Central,G1344
ZM010200410,ZM0102,Kabwe,Central,G1344
ZM010500918,ZM0105,Mumbwa,Central,G1329
ZM100314005,ZM1003,Lukulu,Western,G1328
ZM010300611,ZM0103,Kapiri Mposhi,Central,G1312
ZM010300612,ZM0103,Kapiri Mposhi,Central,G1312
ZM010601309,ZM0106,Serenje,Central,no_station
ZM100314114,ZM1003,Lukulu,Western,G1328
ZM090313011,ZM0903,Itezhi Tezhi,Central,G1352
ZM100414205,ZM1004,Mongu,Western,G1328
ZM100514609,ZM1005,Senanga,Western,G1361
ZM050207008,ZM0502,Kafue,Lusaka,G1352
ZM100113410,ZM1001,Kalabo,Western,G1328
ZM060208422,ZM0602,Chinsali,Muchiga,G1269
ZM060208417,ZM0602,Chinsali,Muchiga,G1269
ZM100213922,ZM1002,Kaoma,Western,G1319
ZM050107414,ZM0501,Chongwe,Lusaka,G1353
ZM010200518,ZM0102,Kabwe,Central,G1344
ZM010200524,ZM0102,Kabwe,Central,G1344
ZM010200409,ZM0102,Kabwe,Central,G1344
ZM010500921,ZM0105,Mumbwa,Central,G1329
ZM100314007,ZM1003,Lukulu,Western,G1328
ZM010300606,ZM0103,Kapiri Mposhi,Central,G1312
ZM010601203,ZM0106,Serenje,Central,no_station
ZM100314119,ZM1003,Lukulu,Western,G1328
ZM090313003,ZM0903,Itezhi Tezhi,Central,G1352
ZM100414202,ZM1004,Mongu,Western,G1328
ZM100414201,ZM1004,Mongu,Western,G1328
ZM060104015,ZM0601,Chama,Muchiga,G1340
ZM021003607,ZM0210,Ndola,Copperbelt,G1312
ZM100213702,ZM1002,Kaoma,Western,G1319
ZM050107417,ZM0501,Chongwe,Lusaka,G1353
ZM010200413,ZM0102,Kabwe,Central,G1344
ZM010200527,ZM0102,Kabwe,Central,G1344
ZM010500920,ZM0105,Mumbwa,Central,G1329
ZM100314009,ZM1003,Lukulu,Western,G1328
ZM100314011,ZM1003,Lukulu,Western,G1328
ZM010300613,ZM0103,Kapiri Mposhi,Central,G1312
ZM010601204,ZM0106,Serenje,Central,no_station
ZM100314117,ZM1003,Lukulu,Western,G1328
ZM090913101,ZM0909,Namwala,Southern,G1352
ZM090313010,ZM0903,Itezhi Tezhi,Central,G1352
ZM100414206,ZM1004,Mongu,Western,G1328
ZM060104018,ZM0601,Chama,Muchiga,G1340
ZM060103909,ZM0601,Chama,Muchiga,G1340
ZM010501008,ZM0105,Mumbwa,Central,G1329
ZM010501115,ZM0105,Mumbwa,Central,G1329
ZM060308609,ZM0603,Isoka,Muchiga,no_station
ZM010200401,ZM0102,Kabwe,Central,G1344
ZM010200403,ZM0102,Kabwe,Central,G1344
ZM010200525,ZM0102,Kabwe,Central,G1344
ZM010500922,ZM0105,Mumbwa,Central,G1329
ZM100314013,ZM1003,Lukulu,Western,G1328
ZM010300608,ZM0103,Kapiri Mposhi,Central,G1312
ZM010300610,ZM0103,Kapiri Mposhi,Central,G1312
ZM100314116,ZM1003,Lukulu,Western,G1328
ZM090313007,ZM0903,Itezhi Tezhi,Central,G1352
ZM090313006,ZM0903,Itezhi Tezhi,Central,G1352
ZM060104022,ZM0601,Chama,Muchiga,G1340
ZM060104014,ZM0601,Chama,Muchiga,G1340
ZM010501001,ZM0105,Mumbwa,Central,G1329
ZM010501005,ZM0105,Mumbwa,Central,G1329
ZM010300601,ZM0103,Kapiri Mposhi,Central,G1312
ZM060208309,ZM0602,Chinsali,Muchiga,G1269
ZM010400814,ZM0104,Mkushi,Central,no_station
ZM020703108,ZM0207,Masaiti,Copperbelt,no_station
ZM010200522,ZM0102,Kabwe,Central,G1344
ZM100314004,ZM1003,Lukulu,Western,G1328
ZM010300604,ZM0103,Kapiri Mposhi,Central,G1312
ZM010300609,ZM0103,Kapiri Mposhi,Central,G1312
ZM100314121,ZM1003,Lukulu,Western,G1328
ZM090313002,ZM0903,Itezhi Tezhi,Central,G1352
ZM090313005,ZM0903,Itezhi Tezhi,Central,G1352
ZM060104013,ZM0601,Chama,Muchiga,G1340
ZM060103911,ZM0601,Chama,Muchiga,G1340
ZM060103903,ZM0601,Chama,Muchiga,G1340
ZM010501006,ZM0105,Mumbwa,Central,G1329
ZM060208302,ZM0602,Chinsali,Muchiga,G1269
ZM050207212,ZM0502,Kafue,Lusaka,G1352
ZM091013201,ZM0910,Siavonga,Lusaka,G1352
ZM010400704,ZM0104,Mkushi,Central,no_station
ZM060509921,ZM0605,Mpika,Muchiga,no_station
ZM060509807,ZM0605,Mpika,Muchiga,no_station
ZM100314008,ZM1003,Lukulu,Western,G1328
ZM010601207,ZM0106,Serenje,Central,no_station
ZM010601311,ZM0106,Serenje,Central,no_station
ZM100314115,ZM1003,Lukulu,Western,G1328
ZM090313013,ZM0903,Itezhi Tezhi,Central,G1352
ZM100414208,ZM1004,Mongu,Western,G1328
ZM060104019,ZM0601,Chama,Muchiga,G1340
ZM060103905,ZM0601,Chama,Muchiga,G1340
ZM010501110,ZM0105,Mumbwa,Central,G1329
ZM100213815,ZM1002,Kaoma,Western,G1319
ZM060208307,ZM0602,Chinsali,Muchiga,G1269
ZM010400816,ZM0104,Mkushi,Central,no_station
ZM010400702,ZM0104,Mkushi,Central,no_station
ZM060509809,ZM0605,Mpika,Muchiga,no_station
ZM060509806,ZM0605,Mpika,Muchiga,no_station
ZM060501018,ZM0605,Mpika,Muchiga,no_station
ZM010300603,ZM0103,Kapiri Mposhi,Central,G1312
ZM010601201,ZM0106,Serenje,Central,no_station
ZM010601310,ZM0106,Serenje,Central,no_station
ZM100314122,ZM1003,Lukulu,Western,G1328
ZM090313012,ZM0903,Itezhi Tezhi,Central,G1352
ZM100414203,ZM1004,Mongu,Western,G1328
ZM060104020,ZM0601,Chama,Muchiga,G1340
ZM010501002,ZM0105,Mumbwa,Central,G1329
ZM010501111,ZM0105,Mumbwa,Central,G1329
ZM100213809,ZM1002,Kaoma,Western,G1319
ZM050207217,ZM0502,Kafue,Lusaka,G1352
ZM050207215,ZM0502,Kafue,Lusaka,G1352
ZM091013204,ZM0910,Siavonga,Lusaka,G1352
ZM010400705,ZM0104,Mkushi,Central,no_station
ZM060308602,ZM0603,Isoka,Muchiga,no_station
ZM020201708,ZM0202,Chingola,Central,G1344
ZM010601206,ZM0106,Serenje,Central,no_station
ZM100314120,ZM1003,Lukulu,Western,G1328
ZM090313009,ZM0903,Itezhi Tezhi,Central,G1352
ZM100414204,ZM1004,Mongu,Western,G1328
ZM030404805,ZM0304,Lundazi,Eastern,G1340
ZM060103912,ZM0601,Chama,Muchiga,G1340
ZM010501003,ZM0105,Mumbwa,Central,G1329
ZM010501113,ZM0105,Mumbwa,Central,G1329
ZM100213811,ZM1002,Kaoma,Western,G1319
ZM060208308,ZM0602,Chinsali,Muchiga,G1269
ZM050207214,ZM0502,Kafue,Lusaka,G1352
ZM091013206,ZM0910,Siavonga,Lusaka,G1352
ZM010400708,ZM0104,Mkushi,Central,no_station
ZM060509920,ZM0605,Mpika,Muchiga,no_station
ZM060509803,ZM0605,Mpika,Muchiga,no_station
ZM020502414,ZM0205,Luanshya,Copperbelt,G1312
ZM010601205,ZM0106,Serenje,Central,no_station
ZM100314118,ZM1003,Lukulu,Western,G1328
ZM010501114,ZM0105,Mumbwa,Central,G1329
ZM090313008,ZM0903,Itezhi Tezhi,Central,G1352
ZM100414207,ZM1004,Mongu,Western,G1328
ZM060104017,ZM0601,Chama,Muchiga,G1340
ZM060103908,ZM0601,Chama,Muchiga,G1340
ZM010501009,ZM0105,Mumbwa,Central,G1329
ZM100213810,ZM1002,Kaoma,Western,G1319
ZM060208311,ZM0602,Chinsali,Muchiga,G1269
ZM060208301,ZM0602,Chinsali,Muchiga,G1269
ZM050207216,ZM0502,Kafue,Lusaka,G1352
ZM091013202,ZM0910,Siavonga,Lusaka,G1352
ZM010400706,ZM0104,Mkushi,Central,no_station
ZM060501016,ZM0605,Mpika,Muchiga,no_station
ZM010601308,ZM0106,Serenje,Central,no_station
ZM090313001,ZM0903,Itezhi Tezhi,Central,G1352
ZM090313004,ZM0903,Itezhi Tezhi,Central,G1352
ZM060103901,ZM0601,Chama,Muchiga,G1340
ZM060104016,ZM0601,Chama,Muchiga,G1340
ZM060103902,ZM0601,Chama,Muchiga,G1340
ZM010501112,ZM0105,Mumbwa,Central,G1329
ZM100213813,ZM1002,Kaoma,Western,G1319
ZM060208306,ZM0602,Chinsali,Muchiga,G1269
ZM050207213,ZM0502,Kafue,Lusaka,G1352
ZM091013205,ZM0910,Siavonga,Lusaka,G1352
ZM010400709,ZM0104,Mkushi,Central,no_station
ZM060509804,ZM0605,Mpika,Muchiga,no_station
ZM060501017,ZM0605,Mpika,Muchiga,no_station
ZM060608710,ZM0606,Nakonde,Muchiga,no_station
ZM060104021,ZM0601,Chama,Muchiga,G1340
ZM060103910,ZM0601,Chama,Muchiga,G1340
ZM060103904,ZM0601,Chama,Muchiga,G1340
ZM010501004,ZM0105,Mumbwa,Central,G1329
ZM100213814,ZM1002,Kaoma,Western,G1319
ZM060208305,ZM0602,Chinsali,Muchiga,G1269
ZM010400812,ZM0104,Mkushi,Central,no_station
ZM010400710,ZM0104,Mkushi,Central,no_station
ZM010400707,ZM0104,Mkushi,Central,no_station
ZM060509805,ZM0605,Mpika,Muchiga,no_station
ZM060608701,ZM0606,Nakonde,Muchiga,no_station
ZM060608703,ZM0606,Nakonde,Muchiga,no_station
ZM060308605,ZM0603,Isoka,Muchiga,no_station
ZM060103906,ZM0601,Chama,Muchiga,G1340
ZM060103907,ZM0601,Chama,Muchiga,G1340
ZM010501007,ZM0105,Mumbwa,Central,G1329
ZM010501116,ZM0105,Mumbwa,Central,G1329
ZM010300605,ZM0103,Kapiri Mposhi,Central,G1312
ZM060208304,ZM0602,Chinsali,Muchiga,G1269
ZM010400817,ZM0104,Mkushi,Central,no_station
ZM091013207,ZM0910,Siavonga,Lusaka,G1352
ZM010400711,ZM0104,Mkushi,Central,no_station
ZM060509808,ZM0605,Mpika,Muchiga,no_station
ZM060501011,ZM0605,Mpika,Muchiga,no_station
ZM060501015,ZM0605,Mpika,Muchiga,no_station
ZM060608708,ZM0606,Nakonde,Muchiga,no_station
ZM060308608,ZM0603,Isoka,Muchiga,no_station
ZM060308603,ZM0603,Isoka,Muchiga,no_station
ZM010100209,ZM0101,Chibombo,Central,G1344
ZM010300602,ZM0103,Kapiri Mposhi,Central,G1312
ZM060208303,ZM0602,Chinsali,Muchiga,G1269
ZM010400813,ZM0104,Mkushi,Central,no_station
ZM091013203,ZM0910,Siavonga,Lusaka,G1352
ZM010400703,ZM0104,Mkushi,Central,no_station
ZM060509919,ZM0605,Mpika,Muchiga,no_station
ZM060509802,ZM0605,Mpika,Muchiga,no_station
ZM060608707,ZM0606,Nakonde,Muchiga,no_station
ZM060608702,ZM0606,Nakonde,Muchiga,no_station
ZM060408510,ZM0604,Mafinga,Muchiga,no_station
ZM060408515,ZM0604,Mafinga,Muchiga,no_station
ZM010100318,ZM0101,Chibombo,Central,G1344
ZM010100319,ZM0101,Chibombo,Central,G1344
ZM010400701,ZM0104,Mkushi,Central,no_station
ZM060501012,ZM0605,Mpika,Muchiga,no_station
ZM060608711,ZM0606,Nakonde,Muchiga,no_station
ZM060608712,ZM0606,Nakonde,Muchiga,no_station
ZM060408517,ZM0604,Mafinga,Muchiga,no_station
ZM060408516,ZM0604,Mafinga,Muchiga,no_station
ZM010100322,ZM0101,Chibombo,Central,G1344
ZM010100320,ZM0101,Chibombo,Central,G1344
ZM010100212,ZM0101,Chibombo,Central,G1344
ZM010100208,ZM0101,Chibombo,Central,G1344
ZM010100317,ZM0101,Chibombo,Central,G1344
ZM050407922,ZM0504,Lusaka,Lusaka,G1351
ZM010100103,ZM0101,Chibombo,Central,G1344
ZM020902812,ZM0209,Mufulira,Copperbelt,G1312
ZM020902709,ZM0209,Mufulira,Copperbelt,G1312
ZM020902705,ZM0209,Mufulira,Copperbelt,G1312
ZM020902813,ZM0209,Mufulira,Copperbelt,G1312
ZM020902815,ZM0209,Mufulira,Copperbelt,G1312
ZM020902820,ZM0209,Mufulira,Copperbelt,G1312
ZM020902819,ZM0209,Mufulira,Copperbelt,G1312
ZM020902627,ZM0209,Mufulira,Copperbelt,G1312
ZM020902818,ZM0209,Mufulira,Copperbelt,G1312
ZM021003609,ZM0210,Ndola,Copperbelt,G1312
ZM060509922,ZM0605,Mpika,Muchiga,no_station
ZM060509810,ZM0605,Mpika,Muchiga,no_station
ZM060608705,ZM0606,Nakonde,Muchiga,no_station
ZM060308607,ZM0603,Isoka,Muchiga,no_station
ZM060308601,ZM0603,Isoka,Muchiga,no_station
ZM060408513,ZM0604,Mafinga,Muchiga,no_station
ZM060408512,ZM0604,Mafinga,Muchiga,no_station
ZM010100321,ZM0101,Chibombo,Central,G1344
ZM010100210,ZM0101,Chibombo,Central,G1344
ZM010100313,ZM0101,Chibombo,Central,G1344
ZM010100315,ZM0101,Chibombo,Central,G1344
ZM010100106,ZM0101,Chibombo,Central,G1344
ZM010100102,ZM0101,Chibombo,Central,G1344
ZM020902707,ZM0209,Mufulira,Copperbelt,G1312
ZM020902706,ZM0209,Mufulira,Copperbelt,G1312
ZM020902814,ZM0209,Mufulira,Copperbelt,G1312
ZM020902622,ZM0209,Mufulira,Copperbelt,G1312
ZM060509801,ZM0605,Mpika,Muchiga,no_station
ZM060608706,ZM0606,Nakonde,Muchiga,no_station
ZM060308604,ZM0603,Isoka,Muchiga,no_station
ZM060408514,ZM0604,Mafinga,Muchiga,no_station
ZM060408511,ZM0604,Mafinga,Muchiga,no_station
ZM010100314,ZM0101,Chibombo,Central,G1344
ZM010100211,ZM0101,Chibombo,Central,G1344
ZM010100207,ZM0101,Chibombo,Central,G1344
ZM050407923,ZM0504,Lusaka,Lusaka,G1351
ZM010100104,ZM0101,Chibombo,Central,G1344
ZM010100105,ZM0101,Chibombo,Central,G1344
ZM010100101,ZM0101,Chibombo,Central,G1344
ZM020902624,ZM0209,Mufulira,Copperbelt,G1312
ZM020902710,ZM0209,Mufulira,Copperbelt,G1312
ZM020902704,ZM0209,Mufulira,Copperbelt,G1312
ZM020902703,ZM0209,Mufulira,Copperbelt,G1312
ZM020902816,ZM0209,Mufulira,Copperbelt,G1312
ZM020902702,ZM0209,Mufulira,Copperbelt,G1312
ZM020902701,ZM0209,Mufulira,Copperbelt,G1312
ZM020902626,ZM0209,Mufulira,Copperbelt,G1312
ZM021003524,ZM0210,Ndola,Copperbelt,G1312
ZM100113620,ZM1001,Kalabo,Western,G1328
ZM100514501,ZM1005,Senanga,Western,G1361
ZM100514508,ZM1005,Senanga,Western,G1361
ZM100414327,ZM1004,Mongu,Western,G1328
ZM100614804,ZM1006,Sesheke,Western,G1361
ZM050307108,ZM0503,Luangwa,Lusaka,G1353
ZM100615016,ZM1006,Sesheke,Western,G1361
ZM050408027,ZM0504,Lusaka,Lusaka,G1351
ZM050407503,ZM0504,Lusaka,Lusaka,G1351
ZM050407921,ZM0504,Lusaka,Lusaka,G1351
ZM010601419,ZM0106,Serenje,Central,no_station
ZM050107304,ZM0501,Chongwe,Lusaka,G1353
ZM100213704,ZM1002,Kaoma,Western,G1319
ZM100514616,ZM1005,Senanga,Western,G1361
ZM050207007,ZM0502,Kafue,Lusaka,G1352
ZM100113503,ZM1001,Kalabo,Western,G1328
ZM100113415,ZM1001,Kalabo,Western,G1328
ZM100213701,ZM1002,Kaoma,Western,G1319
ZM100213808,ZM1002,Kaoma,Western,G1319
ZM010200516,ZM0102,Kabwe,Central,G1344
ZM010200407,ZM0102,Kabwe,Central,G1344
ZM021003401,ZM0210,Ndola,Copperbelt,G1312
ZM021003317,ZM0210,Ndola,Copperbelt,G1312
ZM021003315,ZM0210,Ndola,Copperbelt,G1312
ZM020702902,ZM0207,Masaiti,Copperbelt,no_station
ZM020703112,ZM0207,Masaiti,Copperbelt,no_station
ZM020703113,ZM0207,Masaiti,Copperbelt,no_station
ZM070509501,ZM0705,Mbala,Northern,no_station
ZM070509715,ZM0705,Mbala,Northern,no_station
ZM070610201,ZM0706,Mporokoso,Northern,no_station
ZM070610120,ZM0706,Mporokoso,Northern,no_station
ZM070309002,ZM0703,Kasama,Northern,G1271
ZM070309110,ZM0703,Kasama,Northern,G1271
ZM070409403,ZM0704,Luwingu,Northern,no_station
ZM070409411,ZM0704,Luwingu,Northern,no_station
ZM070208801,ZM0702,Kaputa,Northern,no_station
ZM070208810,ZM0702,Kaputa,Northern,no_station
ZM020101516,ZM0201,Chililabombwe,Copperbelt,G1312
ZM020101509,ZM0201,Chililabombwe,Copperbelt,G1312
ZM020201624,ZM0202,Chingola,Central,G1344
ZM020201618,ZM0202,Chingola,Central,G1344
ZM021003627,ZM0210,Ndola,Copperbelt,G1312
ZM021003525,ZM0210,Ndola,Copperbelt,G1312
ZM020702907,ZM0207,Masaiti,Copperbelt,no_station
ZM020703109,ZM0207,Masaiti,Copperbelt,no_station
ZM020803205,ZM0208,Mpongwe,Copperbelt,G1320
ZM020803210,ZM0208,Mpongwe,Copperbelt,G1320
ZM070509714,ZM0705,Mbala,Northern,no_station
ZM070610204,ZM0706,Mporokoso,Northern,no_station
ZM070610119,ZM0706,Mporokoso,Northern,no_station
ZM070309001,ZM0703,Kasama,Northern,G1271
ZM070309114,ZM0703,Kasama,Northern,G1271
ZM070409404,ZM0704,Luwingu,Northern,no_station
ZM070208809,ZM0702,Kaputa,Northern,no_station
ZM070208806,ZM0702,Kaputa,Northern,no_station
ZM020101518,ZM0201,Chililabombwe,Copperbelt,G1312
ZM020101514,ZM0201,Chililabombwe,Copperbelt,G1312
ZM020201623,ZM0202,Chingola,Central,G1344
ZM020201616,ZM0202,Chingola,Central,G1344
ZM020201706,ZM0202,Chingola,Central,G1344
ZM021003312,ZM0210,Ndola,Copperbelt,G1312
ZM020702901,ZM0207,Masaiti,Copperbelt,no_station
ZM020703116,ZM0207,Masaiti,Copperbelt,no_station
ZM020803207,ZM0208,Mpongwe,Copperbelt,G1320
ZM070509506,ZM0705,Mbala,Northern,no_station
ZM070509711,ZM0705,Mbala,Northern,no_station
ZM070610202,ZM0706,Mporokoso,Northern,no_station
ZM070610117,ZM0706,Mporokoso,Northern,no_station
ZM070809212,ZM0708,Mungwi,Northern,G1265
ZM070309115,ZM0703,Kasama,Northern,G1271
ZM070409402,ZM0704,Luwingu,Northern,no_station
ZM070409317,ZM0704,Luwingu,Northern,no_station
ZM070208805,ZM0702,Kaputa,Northern,no_station
ZM020101502,ZM0201,Chililabombwe,Copperbelt,G1312
ZM020101517,ZM0201,Chililabombwe,Copperbelt,G1312
ZM020101504,ZM0201,Chililabombwe,Copperbelt,G1312
ZM020201619,ZM0202,Chingola,Central,G1344
ZM020201705,ZM0202,Chingola,Central,G1344
ZM070709611,ZM0707,Mpulungu,Northern,no_station
ZM070809202,ZM0708,Mungwi,Northern,G1265
ZM070809213,ZM0708,Mungwi,Northern,G1265
ZM020703114,ZM0207,Masaiti,Copperbelt,no_station
ZM020703110,ZM0207,Masaiti,Copperbelt,no_station
ZM020803201,ZM0208,Mpongwe,Copperbelt,G1320
ZM020803212,ZM0208,Mpongwe,Copperbelt,G1320
ZM070509504,ZM0705,Mbala,Northern,no_station
ZM070610207,ZM0706,Mporokoso,Northern,no_station
ZM070610122,ZM0706,Mporokoso,Northern,no_station
ZM070309005,ZM0703,Kasama,Northern,G1271
ZM070309117,ZM0703,Kasama,Northern,G1271
ZM070409405,ZM0704,Luwingu,Northern,no_station
ZM070409321,ZM0704,Luwingu,Northern,no_station
ZM070208807,ZM0702,Kaputa,Northern,no_station
ZM020101521,ZM0201,Chililabombwe,Copperbelt,G1312
ZM020201626,ZM0202,Chingola,Central,G1344
ZM020201620,ZM0202,Chingola,Central,G1344
ZM070709612,ZM0707,Mpulungu,Northern,no_station
ZM070709603,ZM0707,Mpulungu,Northern,no_station
ZM020502526,ZM0205,Luanshya,Copperbelt,G1312
ZM020502406,ZM0205,Luanshya,Copperbelt,G1312
ZM020502527,ZM0205,Luanshya,Copperbelt,G1312
ZM020703111,ZM0207,Masaiti,Copperbelt,no_station
ZM020803203,ZM0208,Mpongwe,Copperbelt,G1320
ZM020803209,ZM0208,Mpongwe,Copperbelt,G1320
ZM070509713,ZM0705,Mbala,Northern,no_station
ZM070610203,ZM0706,Mporokoso,Northern,no_station
ZM070610121,ZM0706,Mporokoso,Northern,no_station
ZM070309003,ZM0703,Kasama,Northern,G1271
ZM070309111,ZM0703,Kasama,Northern,G1271
ZM070409409,ZM0704,Luwingu,Northern,no_station
ZM070409318,ZM0704,Luwingu,Northern,no_station
ZM070208803,ZM0702,Kaputa,Northern,no_station
ZM020101513,ZM0201,Chililabombwe,Copperbelt,G1312
ZM020101522,ZM0201,Chililabombwe,Copperbelt,G1312
ZM020201701,ZM0202,Chingola,Central,G1344
ZM020201617,ZM0202,Chingola,Central,G1344
ZM020201707,ZM0202,Chingola,Central,G1344
ZM070709604,ZM0707,Mpulungu,Northern,no_station
ZM070809209,ZM0708,Mungwi,Northern,G1265
ZM020502409,ZM0205,Luanshya,Copperbelt,G1312
ZM020502517,ZM0205,Luanshya,Copperbelt,G1312
ZM020502515,ZM0205,Luanshya,Copperbelt,G1312
ZM020702903,ZM0207,Masaiti,Copperbelt,no_station
ZM020703115,ZM0207,Masaiti,Copperbelt,no_station
ZM070509716,ZM0705,Mbala,Northern,no_station
ZM070509710,ZM0705,Mbala,Northern,no_station
ZM070610208,ZM0706,Mporokoso,Northern,no_station
ZM070610118,ZM0706,Mporokoso,Northern,no_station
ZM070309006,ZM0703,Kasama,Northern,G1271
ZM070309116,ZM0703,Kasama,Northern,G1271
ZM070409410,ZM0704,Luwingu,Northern,no_station
ZM070409319,ZM0704,Luwingu,Northern,no_station
ZM020101507,ZM0201,Chililabombwe,Copperbelt,G1312
ZM020101515,ZM0201,Chililabombwe,Copperbelt,G1312
ZM020101503,ZM0201,Chililabombwe,Copperbelt,G1312
ZM020201611,ZM0202,Chingola,Central,G1344
ZM020201702,ZM0202,Chingola,Central,G1344
ZM020201709,ZM0202,Chingola,Central,G1344
ZM070709605,ZM0707,Mpulungu,Northern,no_station
ZM070809210,ZM0708,Mungwi,Northern,G1265
ZM020502523,ZM0205,Luanshya,Copperbelt,G1312
ZM020502524,ZM0205,Luanshya,Copperbelt,G1312
ZM020301819,ZM0203,Kalulushi,Copperbelt,no_station
ZM020603006,ZM0206,Lufwanyama,Copperbelt,no_station
ZM020702905,ZM0207,Masaiti,Copperbelt,no_station
ZM020803204,ZM0208,Mpongwe,Copperbelt,G1320
ZM070509505,ZM0705,Mbala,Northern,no_station
ZM070509507,ZM0705,Mbala,Northern,no_station
ZM070509709,ZM0705,Mbala,Northern,no_station
ZM070610209,ZM0706,Mporokoso,Northern,no_station
ZM070610114,ZM0706,Mporokoso,Northern,no_station
ZM070309007,ZM0703,Kasama,Northern,G1271
ZM070409412,ZM0704,Luwingu,Northern,no_station
ZM070409407,ZM0704,Luwingu,Northern,no_station
ZM070409316,ZM0704,Luwingu,Northern,no_station
ZM070208808,ZM0702,Kaputa,Northern,no_station
ZM020101519,ZM0201,Chililabombwe,Copperbelt,G1312
ZM020101508,ZM0201,Chililabombwe,Copperbelt,G1312
ZM020201612,ZM0202,Chingola,Central,G1344
ZM020201627,ZM0202,Chingola,Central,G1344
ZM070709613,ZM0707,Mpulungu,Northern,no_station
ZM070709601,ZM0707,Mpulungu,Northern,no_station
ZM020502528,ZM0205,Luanshya,Copperbelt,G1312
ZM020502521,ZM0205,Luanshya,Copperbelt,G1312
ZM020502403,ZM0205,Luanshya,Copperbelt,G1312
ZM020703117,ZM0207,Masaiti,Copperbelt,no_station
ZM020803206,ZM0208,Mpongwe,Copperbelt,G1320
ZM070509502,ZM0705,Mbala,Northern,no_station
ZM070509712,ZM0705,Mbala,Northern,no_station
ZM070610210,ZM0706,Mporokoso,Northern,no_station
ZM070610116,ZM0706,Mporokoso,Northern,no_station
ZM070309109,ZM0703,Kasama,Northern,G1271
ZM070309112,ZM0703,Kasama,Northern,G1271
ZM070409401,ZM0704,Luwingu,Northern,no_station
ZM070409413,ZM0704,Luwingu,Northern,no_station
ZM070208922,ZM0702,Kaputa,Northern,no_station
ZM070208811,ZM0702,Kaputa,Northern,no_station
ZM020101512,ZM0201,Chililabombwe,Copperbelt,G1312
ZM020101510,ZM0201,Chililabombwe,Copperbelt,G1312
ZM020201625,ZM0202,Chingola,Central,G1344
ZM020201621,ZM0202,Chingola,Central,G1344
ZM020201704,ZM0202,Chingola,Central,G1344
ZM070709610,ZM0707,Mpulungu,Northern,no_station
ZM070809201,ZM0708,Mungwi,Northern,G1265
ZM020502411,ZM0205,Luanshya,Copperbelt,G1312
ZM020502412,ZM0205,Luanshya,Copperbelt,G1312
ZM020803208,ZM0208,Mpongwe,Copperbelt,G1320
ZM020803213,ZM0208,Mpongwe,Copperbelt,G1320
ZM070509508,ZM0705,Mbala,Northern,no_station
ZM070509717,ZM0705,Mbala,Northern,no_station
ZM070610111,ZM0706,Mporokoso,Northern,no_station
ZM070610112,ZM0706,Mporokoso,Northern,no_station
ZM070309008,ZM0703,Kasama,Northern,G1271
ZM070409322,ZM0704,Luwingu,Northern,no_station
ZM070409406,ZM0704,Luwingu,Northern,no_station
ZM070409314,ZM0704,Luwingu,Northern,no_station
ZM070208802,ZM0702,Kaputa,Northern,no_station
ZM020101505,ZM0201,Chililabombwe,Copperbelt,G1312
ZM020101511,ZM0201,Chililabombwe,Copperbelt,G1312
ZM020902625,ZM0209,Mufulira,Copperbelt,G1312
ZM020201710,ZM0202,Chingola,Central,G1344
ZM020201703,ZM0202,Chingola,Central,G1344
ZM020201622,ZM0202,Chingola,Central,G1344
ZM070709602,ZM0707,Mpulungu,Northern,no_station
ZM070809204,ZM0708,Mungwi,Northern,G1265
ZM020502407,ZM0205,Luanshya,Copperbelt,G1312
ZM020502522,ZM0205,Luanshya,Copperbelt,G1312
ZM020502404,ZM0205,Luanshya,Copperbelt,G1312
ZM020803202,ZM0208,Mpongwe,Copperbelt,G1320
ZM020803211,ZM0208,Mpongwe,Copperbelt,G1320
ZM070509503,ZM0705,Mbala,Northern,no_station
ZM070610115,ZM0706,Mporokoso,Northern,no_station
ZM070610205,ZM0706,Mporokoso,Northern,no_station
ZM070610113,ZM0706,Mporokoso,Northern,no_station
ZM070309113,ZM0703,Kasama,Northern,G1271
ZM070309004,ZM0703,Kasama,Northern,G1271
ZM070409408,ZM0704,Luwingu,Northern,no_station
ZM070409315,ZM0704,Luwingu,Northern,no_station
ZM070208804,ZM0702,Kaputa,Northern,no_station
ZM020101506,ZM0201,Chililabombwe,Copperbelt,G1312
ZM020101520,ZM0201,Chililabombwe,Copperbelt,G1312
ZM020201614,ZM0202,Chingola,Central,G1344
ZM020201615,ZM0202,Chingola,Central,G1344
ZM070709608,ZM0707,Mpulungu,Northern,no_station
ZM070709606,ZM0707,Mpulungu,Northern,no_station
ZM070809207,ZM0708,Mungwi,Northern,G1265
ZM020502518,ZM0205,Luanshya,Copperbelt,G1312
ZM020502401,ZM0205,Luanshya,Copperbelt,G1312
ZM070709607,ZM0707,Mpulungu,Northern,no_station
ZM070809203,ZM0708,Mungwi,Northern,G1265
ZM070809206,ZM0708,Mungwi,Northern,G1265
ZM020502516,ZM0205,Luanshya,Copperbelt,G1312
ZM020502408,ZM0205,Luanshya,Copperbelt,G1312
ZM020603002,ZM0206,Lufwanyama,Copperbelt,no_station
ZM020201613,ZM0202,Chingola,Central,G1344
ZM020902811,ZM0209,Mufulira,Copperbelt,G1312
ZM020301812,ZM0203,Kalulushi,Copperbelt,no_station
ZM020402320,ZM0204,Kitwe,Copperbelt,G1312
ZM020402109,ZM0204,Kitwe,Copperbelt,G1312
ZM070108206,ZM0701,Chilubi,Northern,no_station
ZM070108217,ZM0701,Chilubi,Northern,no_station
ZM070108220,ZM0701,Chilubi,Northern,no_station
ZM070208921,ZM0702,Kaputa,Northern,no_station
ZM080811305,ZM0808,Zambezi,North-Western,G1328
ZM080610805,ZM0806,Mwinilunga,North-Western,no_station
ZM080610812,ZM0806,Mwinilunga,North-Western,no_station
ZM030605210,ZM0306,Nyimba,Eastern,no_station
ZM070709609,ZM0707,Mpulungu,Northern,no_station
ZM070809208,ZM0708,Mungwi,Northern,G1265
ZM070809211,ZM0708,Mungwi,Northern,G1265
ZM020502413,ZM0205,Luanshya,Copperbelt,G1312
ZM020502525,ZM0205,Luanshya,Copperbelt,G1312
ZM020603004,ZM0206,Lufwanyama,Copperbelt,no_station
ZM020301821,ZM0203,Kalulushi,Copperbelt,no_station
ZM020301807,ZM0203,Kalulushi,Copperbelt,no_station
ZM020301816,ZM0203,Kalulushi,Copperbelt,no_station
ZM020401902,ZM0204,Kitwe,Copperbelt,G1312
ZM020402112,ZM0204,Kitwe,Copperbelt,G1312
ZM070108210,ZM0701,Chilubi,Northern,no_station
ZM070108216,ZM0701,Chilubi,Northern,no_station
ZM070108209,ZM0701,Chilubi,Northern,no_station
ZM070208920,ZM0702,Kaputa,Northern,no_station
ZM080811413,ZM0808,Zambezi,North-Western,G1328
ZM080610808,ZM0806,Mwinilunga,North-Western,no_station
ZM080610811,ZM0806,Mwinilunga,North-Western,no_station
ZM020101501,ZM0201,Chililabombwe,Copperbelt,G1312
ZM030605207,ZM0306,Nyimba,Eastern,no_station
ZM070809205,ZM0708,Mungwi,Northern,G1265
ZM020502410,ZM0205,Luanshya,Copperbelt,G1312
ZM020502520,ZM0205,Luanshya,Copperbelt,G1312
ZM020502402,ZM0205,Luanshya,Copperbelt,G1312
ZM020603003,ZM0206,Lufwanyama,Copperbelt,no_station
ZM020301820,ZM0203,Kalulushi,Copperbelt,no_station
ZM020301802,ZM0203,Kalulushi,Copperbelt,no_station
ZM020301811,ZM0203,Kalulushi,Copperbelt,no_station
ZM020401905,ZM0204,Kitwe,Copperbelt,G1312
ZM020402321,ZM0204,Kitwe,Copperbelt,G1312
ZM020401901,ZM0204,Kitwe,Copperbelt,G1312
ZM070108218,ZM0701,Chilubi,Northern,no_station
ZM070409320,ZM0704,Luwingu,Northern,no_station
ZM080811301,ZM0808,Zambezi,North-Western,G1328
ZM080811414,ZM0808,Zambezi,North-Western,G1328
ZM080811306,ZM0808,Zambezi,North-Western,G1328
ZM080610803,ZM0806,Mwinilunga,North-Western,no_station
ZM080711213,ZM0807,Solwezi,North-Western,no_station
ZM030605206,ZM0306,Nyimba,Eastern,no_station
ZM020603012,ZM0206,Lufwanyama,Copperbelt,no_station
ZM020603005,ZM0206,Lufwanyama,Copperbelt,no_station
ZM020603010,ZM0206,Lufwanyama,Copperbelt,no_station
ZM020301806,ZM0203,Kalulushi,Copperbelt,no_station
ZM020402110,ZM0204,Kitwe,Copperbelt,G1312
ZM020301813,ZM0203,Kalulushi,Copperbelt,no_station
ZM020402319,ZM0204,Kitwe,Copperbelt,G1312
ZM020402228,ZM0204,Kitwe,Copperbelt,G1312
ZM070108212,ZM0701,Chilubi,Northern,no_station
ZM070108208,ZM0701,Chilubi,Northern,no_station
ZM070208912,ZM0702,Kaputa,Northern,no_station
ZM080811412,ZM0808,Zambezi,North-Western,G1328
ZM080811308,ZM0808,Zambezi,North-Western,G1328
ZM080811304,ZM0808,Zambezi,North-Western,G1328
ZM080610809,ZM0806,Mwinilunga,North-Western,no_station
ZM030605212,ZM0306,Nyimba,Eastern,no_station
ZM030605208,ZM0306,Nyimba,Eastern,no_station
ZM030304510,ZM0303,Katete,Eastern,no_station
ZM030304616,ZM0303,Katete,Eastern,no_station
ZM030405017,ZM0304,Lundazi,Eastern,G1340
ZM020603015,ZM0206,Lufwanyama,Copperbelt,no_station
ZM020603007,ZM0206,Lufwanyama,Copperbelt,no_station
ZM020301822,ZM0203,Kalulushi,Copperbelt,no_station
ZM020402318,ZM0204,Kitwe,Copperbelt,G1312
ZM020301817,ZM0203,Kalulushi,Copperbelt,no_station
ZM020402223,ZM0204,Kitwe,Copperbelt,G1312
ZM020402108,ZM0204,Kitwe,Copperbelt,G1312
ZM070108222,ZM0701,Chilubi,Northern,no_station
ZM070108214,ZM0701,Chilubi,Northern,no_station
ZM070208917,ZM0702,Kaputa,Northern,no_station
ZM080811310,ZM0808,Zambezi,North-Western,G1328
ZM080610807,ZM0806,Mwinilunga,North-Western,no_station
ZM080610813,ZM0806,Mwinilunga,North-Western,no_station
ZM030505101,ZM0305,Mambwe,Eastern,G1340
ZM030605205,ZM0306,Nyimba,Eastern,no_station
ZM030304509,ZM0303,Katete,Eastern,no_station
ZM030304618,ZM0303,Katete,Eastern,no_station
ZM030405015,ZM0304,Lundazi,Eastern,G1340
ZM030404804,ZM0304,Lundazi,Eastern,G1340
ZM020603014,ZM0206,Lufwanyama,Copperbelt,no_station
ZM020603013,ZM0206,Lufwanyama,Copperbelt,no_station
ZM020603009,ZM0206,Lufwanyama,Copperbelt,no_station
ZM020902623,ZM0209,Mufulira,Copperbelt,G1312
ZM020301801,ZM0203,Kalulushi,Copperbelt,no_station
ZM020402016,ZM0204,Kitwe,Copperbelt,G1312
ZM020301809,ZM0203,Kalulushi,Copperbelt,no_station
ZM020301810,ZM0203,Kalulushi,Copperbelt,no_station
ZM020401906,ZM0204,Kitwe,Copperbelt,G1312
ZM020402222,ZM0204,Kitwe,Copperbelt,G1312
ZM020402014,ZM0204,Kitwe,Copperbelt,G1312
ZM020402226,ZM0204,Kitwe,Copperbelt,G1312
ZM070108201,ZM0701,Chilubi,Northern,no_station
ZM070108211,ZM0701,Chilubi,Northern,no_station
ZM070108213,ZM0701,Chilubi,Northern,no_station
ZM070108207,ZM0701,Chilubi,Northern,no_station
ZM070108215,ZM0701,Chilubi,Northern,no_station
ZM070208913,ZM0702,Kaputa,Northern,no_station
ZM070208916,ZM0702,Kaputa,Northern,no_station
ZM080110309,ZM0801,Chavuma,North-Western,no_station
ZM080811416,ZM0808,Zambezi,North-Western,G1328
ZM080811309,ZM0808,Zambezi,North-Western,G1328
ZM020603001,ZM0206,Lufwanyama,Copperbelt,no_station
ZM020603008,ZM0206,Lufwanyama,Copperbelt,no_station
ZM020301805,ZM0203,Kalulushi,Copperbelt,no_station
ZM020301803,ZM0203,Kalulushi,Copperbelt,no_station
ZM020402227,ZM0204,Kitwe,Copperbelt,G1312
ZM020301808,ZM0203,Kalulushi,Copperbelt,no_station
ZM020301815,ZM0203,Kalulushi,Copperbelt,no_station
ZM020401904,ZM0204,Kitwe,Copperbelt,G1312
ZM020402224,ZM0204,Kitwe,Copperbelt,G1312
ZM020402013,ZM0204,Kitwe,Copperbelt,G1312
ZM020402107,ZM0204,Kitwe,Copperbelt,G1312
ZM020402225,ZM0204,Kitwe,Copperbelt,G1312
ZM020401903,ZM0204,Kitwe,Copperbelt,G1312
ZM070108221,ZM0701,Chilubi,Northern,no_station
ZM070108219,ZM0701,Chilubi,Northern,no_station
ZM070108203,ZM0701,Chilubi,Northern,no_station
ZM070208914,ZM0702,Kaputa,Northern,no_station
ZM070208915,ZM0702,Kaputa,Northern,no_station
ZM070208919,ZM0702,Kaputa,Northern,no_station
ZM080110306,ZM0801,Chavuma,North-Western,no_station
ZM080811415,ZM0808,Zambezi,North-Western,G1328
ZM080811307,ZM0808,Zambezi,North-Western,G1328
ZM080811303,ZM0808,Zambezi,North-Western,G1328
ZM080610806,ZM0806,Mwinilunga,North-Western,no_station
ZM080610816,ZM0806,Mwinilunga,North-Western,no_station
ZM030605211,ZM0306,Nyimba,Eastern,no_station
ZM030304503,ZM0303,Katete,Eastern,no_station
ZM030304612,ZM0303,Katete,Eastern,no_station
ZM030404919,ZM0304,Lundazi,Eastern,G1340
ZM030404808,ZM0304,Lundazi,Eastern,G1340
ZM030404923,ZM0304,Lundazi,Eastern,G1340
ZM080110305,ZM0801,Chavuma,North-Western,no_station
ZM030705420,ZM0307,Petauke,Eastern,G1340
ZM030705418,ZM0307,Petauke,Eastern,G1340
ZM030304725,ZM0303,Katete,Eastern,no_station
ZM080310403,ZM0803,Kabompo,North-Western,G1319
ZM080811302,ZM0808,Zambezi,North-Western,G1328
ZM080610814,ZM0806,Mwinilunga,North-Western,no_station
ZM080711008,ZM0807,Solwezi,North-Western,no_station
ZM030605213,ZM0306,Nyimba,Eastern,no_station
ZM030304506,ZM0303,Katete,Eastern,no_station
ZM030304615,ZM0303,Katete,Eastern,no_station
ZM030404927,ZM0304,Lundazi,Eastern,G1340
ZM030405011,ZM0304,Lundazi,Eastern,G1340
ZM080110312,ZM0801,Chavuma,North-Western,no_station
ZM080110303,ZM0801,Chavuma,North-Western,no_station
ZM030103817,ZM0301,Chadiza,Eastern,no_station
ZM030705509,ZM0307,Petauke,Eastern,G1340
ZM030705515,ZM0307,Petauke,Eastern,G1340
ZM030304727,ZM0303,Katete,Eastern,no_station
ZM030304724,ZM0303,Katete,Eastern,no_station
ZM080310407,ZM0803,Kabompo,North-Western,G1319
ZM080610804,ZM0806,Mwinilunga,North-Western,no_station
ZM080610815,ZM0806,Mwinilunga,North-Western,no_station
ZM030605202,ZM0306,Nyimba,Eastern,no_station
ZM030304504,ZM0303,Katete,Eastern,no_station
ZM030304613,ZM0303,Katete,Eastern,no_station
ZM030404925,ZM0304,Lundazi,Eastern,G1340
ZM030405013,ZM0304,Lundazi,Eastern,G1340
ZM030405009,ZM0304,Lundazi,Eastern,G1340
ZM080110308,ZM0801,Chavuma,North-Western,no_station
ZM080610901,ZM0806,Mwinilunga,North-Western,no_station
ZM030705305,ZM0307,Petauke,Eastern,G1340
ZM030705516,ZM0307,Petauke,Eastern,G1340
ZM030304720,ZM0303,Katete,Eastern,no_station
ZM030705304,ZM0307,Petauke,Eastern,G1340
ZM080610802,ZM0806,Mwinilunga,North-Western,no_station
ZM080711101,ZM0807,Solwezi,North-Western,no_station
ZM030605203,ZM0306,Nyimba,Eastern,no_station
ZM030304507,ZM0303,Katete,Eastern,no_station
ZM030404924,ZM0304,Lundazi,Eastern,G1340
ZM030405016,ZM0304,Lundazi,Eastern,G1340
ZM030404803,ZM0304,Lundazi,Eastern,G1340
ZM080110307,ZM0801,Chavuma,North-Western,no_station
ZM080610902,ZM0806,Mwinilunga,North-Western,no_station
ZM030705417,ZM0307,Petauke,Eastern,G1340
ZM030705510,ZM0307,Petauke,Eastern,G1340
ZM030304726,ZM0303,Katete,Eastern,no_station
ZM080310409,ZM0803,Kabompo,North-Western,G1319
ZM030304501,ZM0303,Katete,Eastern,no_station
ZM030304614,ZM0303,Katete,Eastern,no_station
ZM030404922,ZM0304,Lundazi,Eastern,G1340
ZM030404810,ZM0304,Lundazi,Eastern,G1340
ZM080110313,ZM0801,Chavuma,North-Western,no_station
ZM030103822,ZM0301,Chadiza,Eastern,no_station
ZM080610903,ZM0806,Mwinilunga,North-Western,no_station
ZM030705421,ZM0307,Petauke,Eastern,G1340
ZM030705512,ZM0307,Petauke,Eastern,G1340
ZM030304722,ZM0303,Katete,Eastern,no_station
ZM080310402,ZM0803,Kabompo,North-Western,G1319
ZM030304502,ZM0303,Katete,Eastern,no_station
ZM030304611,ZM0303,Katete,Eastern,no_station
ZM030405012,ZM0304,Lundazi,Eastern,G1340
ZM030404806,ZM0304,Lundazi,Eastern,G1340
ZM080110302,ZM0801,Chavuma,North-Western,no_station
ZM080610906,ZM0806,Mwinilunga,North-Western,no_station
ZM030705422,ZM0307,Petauke,Eastern,G1340
ZM030705511,ZM0307,Petauke,Eastern,G1340
ZM030605204,ZM0306,Nyimba,Eastern,no_station
ZM030705303,ZM0307,Petauke,Eastern,G1340
ZM080310405,ZM0803,Kabompo,North-Western,G1319
ZM030304508,ZM0303,Katete,Eastern,no_station
ZM030404926,ZM0304,Lundazi,Eastern,G1340
ZM030405018,ZM0304,Lundazi,Eastern,G1340
ZM030404801,ZM0304,Lundazi,Eastern,G1340
ZM080110304,ZM0801,Chavuma,North-Western,no_station
ZM030103818,ZM0301,Chadiza,Eastern,no_station
ZM030705419,ZM0307,Petauke,Eastern,G1340
ZM030304721,ZM0303,Katete,Eastern,no_station
ZM030705301,ZM0307,Petauke,Eastern,G1340
ZM080310408,ZM0803,Kabompo,North-Western,G1319
ZM030404807,ZM0304,Lundazi,Eastern,G1340
ZM080110311,ZM0801,Chavuma,North-Western,no_station
ZM030103821,ZM0301,Chadiza,Eastern,no_station
ZM030705308,ZM0307,Petauke,Eastern,G1340
ZM030705307,ZM0307,Petauke,Eastern,G1340
ZM030605209,ZM0306,Nyimba,Eastern,no_station
ZM030304728,ZM0303,Katete,Eastern,no_station
ZM080310404,ZM0803,Kabompo,North-Western,G1319
ZM080110301,ZM0801,Chavuma,North-Western,no_station
ZM030103820,ZM0301,Chadiza,Eastern,no_station
ZM080610905,ZM0806,Mwinilunga,North-Western,no_station
ZM030705306,ZM0307,Petauke,Eastern,G1340
ZM030705414,ZM0307,Petauke,Eastern,G1340
ZM030304723,ZM0303,Katete,Eastern,no_station
ZM080310401,ZM0803,Kabompo,North-Western,G1319
ZM030103819,ZM0301,Chadiza,Eastern,no_station
ZM080610904,ZM0806,Mwinilunga,North-Western,no_station
ZM030705513,ZM0307,Petauke,Eastern,G1340
ZM030304719,ZM0303,Katete,Eastern,no_station
ZM030705302,ZM0307,Petauke,Eastern,G1340
ZM080310406,ZM0803,Kabompo,North-Western,G1319
ZM020603016,ZM0206,Lufwanyama,Copperbelt,no_station
ZM020603011,ZM0206,Lufwanyama,Copperbelt,no_station
ZM020301804,ZM0203,Kalulushi,Copperbelt,no_station
ZM020301818,ZM0203,Kalulushi,Copperbelt,no_station
ZM020301814,ZM0203,Kalulushi,Copperbelt,no_station
ZM020402111,ZM0204,Kitwe,Copperbelt,G1312
ZM070108205,ZM0701,Chilubi,Northern,no_station
ZM070108202,ZM0701,Chilubi,Northern,no_station
ZM070108204,ZM0701,Chilubi,Northern,no_station
ZM070208918,ZM0702,Kaputa,Northern,no_station
ZM080811411,ZM0808,Zambezi,North-Western,G1328
ZM080610801,ZM0806,Mwinilunga,North-Western,no_station
ZM080610810,ZM0806,Mwinilunga,North-Western,no_station
ZM030605201,ZM0306,Nyimba,Eastern,no_station
ZM030304617,ZM0303,Katete,Eastern,no_station
ZM030304505,ZM0303,Katete,Eastern,no_station
ZM030404921,ZM0304,Lundazi,Eastern,G1340
ZM030404802,ZM0304,Lundazi,Eastern,G1340
ZM080110310,ZM0801,Chavuma,North-Western,no_station
